model,feature_type,task,acc_mean,acc_std,f1_mean,f1_std
cipher,erp,phoneme_identity,0.15526315789473685,0.0,0.08688221439697034,0.0
cipher,erp,manner,0.8523809523809524,0.0,0.585554901243017,0.0
cipher,erp,place,0.5726190476190476,0.0,0.5508322472537702,0.0
cipher,dda,phoneme_identity,0.16578947368421051,0.0,0.03829796363600319,0.0
cipher,dda,manner,0.8595238095238096,0.0,0.5010470360824743,0.0
cipher,dda,place,0.5738095238095238,0.0,0.46559187938498287,0.0
